pincode,longitude,latitude
585326,77.4071749454,18.3025044601
585443,77.2957919598,18.2573704357
585316,76.854691046,17.5773108062
586209,75.9508025524,17.167548293
585222,77.2840007395,17.0771401757
585417,77.2105008029,18.2388807366
591229,74.2798831152,16.5131973685
585436,77.3458463812,18.1665897428
591248,75.2150274814,16.7765598961
585421,77.4969630109,18.1226107529
585411,77.1204394104,18.0928053732
585416,77.0007679253,18.0733108917
585328,77.2093126025,18.0435520742
585413,77.3158294159,18.0008371188
585402,77.4552698488,17.9791861428
585403,77.5296537509,17.8426843494
585327,76.9664808399,17.9002662662
585401,77.4889925,17.9101634567
585418,77.1348325521,17.8894608685
585201,77.1401673165,16.747920359
585414,77.2361807524,17.8670659033
591303,74.9248556261,16.6899654545
585415,77.3110710697,17.874194624
585419,76.7876408756,17.7614864995
586207,75.8591958115,17.3273513395
585226,77.3909498648,17.8117249651
585228,76.9244818374,17.1638273337
585317,77.1543191084,17.2124952782
585331,77.0160817203,17.7835639385
574244,74.886335409,13.239596579
585353,77.1051414181,17.8180573766
585229,76.959721922,17.169139017
585329,77.2531628344,17.7733994423
574203,75.2158214469,12.7842245313
585437,76.9071810828,17.7103446273
585330,77.0882725594,17.7171550596
585227,77.3682625965,17.6659139857
591305,74.7190490416,16.2911105547
585314,76.5852365289,17.6929659377
586206,76.3314621093,17.1199622501
585412,77.2078372247,17.6905214413
585313,77.0730977698,17.5815870084
585302,76.5169091028,17.5606939658
585306,77.2842943754,17.536792442
585311,76.6989703671,17.476718746
585104,76.8330038741,17.4672154931
591236,74.5416755009,16.2977214515
585307,77.4286643312,17.5029869114
585305,77.5369014726,17.4659364819
586104,75.6279826921,16.9237827152
585322,77.0669377558,17.4597921819
591306,74.792565136,16.275675349
585236,76.4293542646,17.414731038
585213,76.5958715328,17.3670097529
585303,76.8650111493,16.9193646583
585324,77.2850768563,17.3928935166
586205,75.6687270388,17.3685665522
585102,76.9411739897,17.3230374068
585312,77.1436305445,17.3331728434
585219,77.3936221838,16.8588387863
585320,77.3697440593,17.2865638275
585103,76.7631905259,17.3249448608
586204,75.7297249532,17.2569307924
591230,75.2083243747,16.6925974872
586203,76.0095917648,16.6110406352
585217,76.2161939117,17.2868045751
591315,74.7807102875,16.6955113621
577160,75.4901346212,13.2495528802
585101,76.8654999396,17.3361788101
591242,74.7253919968,16.6233258874
586111,76.0334827395,17.2591949674
585212,76.5087181764,17.176971651
585301,76.4005680523,17.2282316714
586211,75.9010239167,17.1824647409
585105,76.8448947445,17.3182321997
585265,76.5879344352,17.1919338789
585308,76.7486519283,17.1553212352
586117,75.7776446341,17.1426487137
585210,77.3595495157,17.1961082993
586217,76.0986069641,17.1398677742
585224,76.7681373751,16.5207176811
585211,77.1142143179,17.0822245039
586202,76.2246326264,17.0778975882
585292,77.1764600989,17.1294432063
586215,76.019453181,17.0052435833
585318,77.3958994593,17.0070629303
591216,74.510942177,16.6022292553
586112,75.8786050938,16.9585723776
585310,76.6679533895,16.9601859917
591240,75.1106838683,16.5867759758
585225,77.0003562434,17.0287024365
586119,75.7227422902,16.9918391447
586128,76.2743593457,16.8917939383
586123,76.3743064346,16.989993816
586108,75.7921959888,16.9826617269
585214,77.3543340165,16.8872726986
591219,74.4793011193,16.4962372123
584126,77.0318120992,16.3819552717
586114,75.4316858176,16.9129446048
591311,74.8829443196,16.6112782827
585218,77.0147761943,16.9003203673
591220,74.9719520057,16.5480653534
591265,75.3175881624,16.8297285637
586103,75.7342027645,16.8545886212
585325,76.5182869341,16.8312468361
591212,75.0654997423,16.8880230885
586130,75.5004745656,16.8167995124
591232,74.9813662615,16.8212570597
585223,76.9176526083,16.6947690675
585321,77.3200982535,16.7735612162
586127,75.9189130754,16.8272210924
585202,77.1396819241,16.7673371821
586115,76.1028194433,16.8186488709
586106,75.6301069321,16.8074175726
586101,75.7185404679,16.8172585162
591304,75.0739130845,16.7043197899
586109,75.755195096,16.805399298
585319,77.021747552,16.7106077563
585309,76.6413251023,16.7136117021
586120,76.2049312421,16.7232096325
585287,76.7569888764,16.7236616624
586125,75.598141275,16.5808352023
591234,74.8595285634,16.7387387125
586102,75.8617894447,16.726934431
591239,74.5569733922,16.5517079344
586122,75.7827770605,16.6546189834
586126,75.3770342273,16.6811085656
586113,75.5406379405,16.671052622
585216,76.5248118154,16.618525939
586118,76.3373042989,16.6590413751
591223,74.7243997214,16.6895293645
585315,77.3954171547,16.6473035695
585323,76.8093025139,16.6045269987
591316,74.8121076669,16.6412067934
585221,77.2747910738,16.569834895
587301,75.3688272341,16.532159775
585355,77.128767296,16.5301341159
591241,74.341704796,16.4703654113
586208,76.1100654897,16.5618043056
591217,74.8480036635,16.5574992833
587119,75.2438691866,16.5473855076
586141,75.5629263311,16.612936202
591244,74.6192367486,16.533676069
586214,76.3131171205,16.5231409413
591263,74.4598844335,16.5638374188
591213,74.6714902544,16.5097930215
591215,74.3890751521,16.5295013496
586121,75.7851307543,16.5354833415
585304,76.8696126284,16.5383821434
586216,75.8792748617,16.5033442039
591214,74.5162966992,16.5237106224
587311,75.1638439251,16.4862705025
591173,74.7207830908,16.5526831126
586210,75.6989517042,16.4645286841
585290,76.6937133196,16.4820205739
591317,74.7968417654,16.4691689784
587315,75.0490485643,16.4918111303
584111,76.9465143051,16.4140254124
586116,76.1214888285,16.4401164319
591235,74.9632619114,16.4162150321
585215,76.5500682969,16.44129694
586213,75.9652229529,16.3726979325
591247,74.5738879019,16.4647574464
587121,75.3910637811,16.3820276074
591211,74.428533153,16.4636826629
587117,75.501183753,16.4093380612
586201,75.8402225361,16.4036745284
587314,75.4140769337,16.4446998163
591237,74.3842309386,16.3914828608
584113,77.1423461136,16.3442685362
591228,74.4864230893,16.4499502078
586245,76.1903889388,16.3719136243
584116,76.8109517744,16.3381591911
587116,75.6238007864,16.321917762
591287,74.5260212176,16.413273396
591201,74.5867626159,16.4184719864
585291,76.505074713,16.3637149988
585237,76.3855358617,16.3324004466
591309,74.6222979205,16.2351394617
591222,74.7591901313,16.3596214066
591226,74.5759006865,16.35277674
587312,75.0877525173,16.3755946166
587313,75.2970124737,16.300374518
591312,74.9874704285,16.3283181473
587113,75.1910413424,16.3694689035
591238,74.4632248229,16.3794085228
584134,77.2757871638,16.29522751
584170,77.3809514099,16.3310377792
586124,76.2738938444,16.2654072206
584135,77.4942214778,16.3235133135
591225,74.4411168697,16.323348305
584139,76.6248290608,16.2770096986
586212,76.1345309639,16.3347208034
587207,75.9436189621,16.2752677478
591224,74.8970233513,16.2779695069
587111,75.7632907392,16.2360080032
591227,75.056213402,16.2240757844
591310,74.7735870022,16.2364456848
586129,76.1637509054,16.2415780538
591313,74.4160398742,16.286773668
584102,77.4521268355,16.2148219252
591340,74.54392757,16.2446498845
584127,76.3830200801,16.1766123287
591136,75.1501070495,16.2336925735
584129,76.9621516786,16.168486028
591314,74.4859406089,16.2518895386
584101,77.3481267817,16.2174571427
584136,77.1680145202,16.1778728812
584115,76.6979693123,16.1990013493
587115,75.9349963641,16.1934757073
587122,75.3635462722,16.1733993856
591231,74.7362989392,16.1857651801
587204,75.5070438093,16.1925580092
591307,74.8381786954,16.152035389
591221,74.55038935,16.1865015737
591218,74.7694618856,16.2128050364
591233,74.9443259008,16.1378601657
584122,76.5306334638,16.1141097603
584120,76.7821373253,16.0853629492
587103,75.6193684633,16.1814460457
584103,77.337547358,16.1457688729
587101,75.6785078608,16.178012203
591130,75.2513368925,16.0813915167
591107,74.659750307,16.1249750844
587118,76.0897942093,16.097315186
591308,74.7882126293,16.1771516663
574145,74.9391355542,12.9147679967
587112,75.9943170711,16.1048110616
591122,74.7013701601,16.0871467504
591243,74.5650613148,16.0807133667
591129,75.0316608984,16.0347298127
591114,75.1506638535,16.0286859179
583281,76.0287276351,15.8975165129
587125,76.2116335012,16.069987665
587202,75.9316192413,15.9192817941
587120,75.8437985081,16.1186886983
574233,75.1862053383,12.9035912148
587206,75.522503079,16.0502034732
587205,75.6643826267,16.0857290134
591246,74.5446727546,16.1261877401
584118,77.1191595991,16.0654091622
591344,74.8537999531,16.0394304372
584133,77.4150603606,16.0871834913
591254,74.4425542321,16.0740971007
591123,75.3475841847,15.9897263266
584123,76.9953893138,15.9875553715
577435,74.77752091,14.2085783452
584125,76.4194836143,15.9916860981
584203,77.1991500438,16.0297314357
587124,75.919800199,15.9996561217
587203,75.8034984938,16.0398448553
584202,77.2825497468,16.0071619196
591156,74.502360527,16.0047850567
587201,75.7013603647,15.9365313412
584140,77.4210540227,15.9911043053
591101,74.7019191359,15.9972774674
584124,76.601850832,15.9352656856
587154,76.1823097314,15.9607834215
590016,74.6037547321,15.9290030621
591124,74.5853687697,15.8461331338
591119,74.9237059507,15.9159123176
591113,74.5365073953,15.9624245586
587155,75.5192789015,15.9090081051
584138,76.7830468824,15.9385553376
591121,74.7931351809,15.9186028739
591143,74.4703987205,15.9458850769
584143,76.9215225982,15.8734181567
591102,74.8178424775,15.8250437212
591147,74.7226381665,15.9023654174
591127,75.3993189801,15.8643351284
590010,74.5014298068,15.8986767012
583280,75.892329352,15.8620433684
591128,74.4185844835,15.8834250042
591117,75.1141214115,15.8788061164
587114,75.7684135677,15.85895054
583278,76.2457894769,15.8597266346
591103,74.6525684975,15.8606514442
583279,76.3835455866,15.7631980342
584128,76.7621072785,15.7646595814
583277,76.1787323888,15.7508955568
591126,75.147177363,15.7613577469
590001,74.490041501,15.8606470448
582206,75.4764388829,15.8236529131
591111,75.0073303187,15.816290376
582211,75.843100199,15.787143737
584132,76.5390770878,15.7841038871
590003,74.5684870258,15.8076326428
590002,74.4915330637,15.8430915118
582207,75.4233322956,15.7509414979
590011,74.5134799559,15.8409735305
590005,74.5251445749,15.7830204112
591108,74.4020049063,15.7995525818
591125,74.7060982203,15.7873024912
590006,74.499847909,15.8276007416
591109,74.6226946981,15.7562677127
582203,75.6343683713,15.784934729
591110,75.2309441483,15.7114883106
583114,77.0281450209,15.7269489572
590008,74.475582438,15.8106490154
591116,75.128498345,15.7986058381
582202,75.5657159269,15.6855627076
582209,75.7161122821,15.7075190581
590014,74.3179263674,15.7205950955
583226,75.9595124563,15.2558614226
583103,76.9762839931,15.2009602343
582114,75.9267401154,15.7177501399
581195,75.416992968,15.3277614842
580024,75.0950862077,15.2792244842
591153,74.7890746891,15.7050964498
582119,75.8102591749,15.5726347132
584167,76.8343976825,15.6633404545
591104,74.9135512108,15.6851406453
583236,75.9949993168,15.6123889059
591118,74.7003627317,15.7203247099
591131,74.6032862344,15.685065595
591302,74.4077106636,15.6086217921
582201,75.4282743481,15.4357150287
580005,74.9862637371,15.4956829969
583121,76.9533627841,15.616653077
591120,74.5775616785,15.5691163085
583229,76.6317413552,15.6111565885
581105,74.9124199659,15.589887713
583237,76.2133654933,15.5613473538
582208,75.3768725784,15.5807808084
582204,75.5503583756,15.5347749464
591112,74.6706034786,15.6324587094
583122,76.8840339516,15.5317578083
583283,76.4188962947,15.5753163272
583282,76.6447443892,15.5188094479
591115,74.7785915017,15.5797272257
583230,76.1191679221,15.4806832522
581201,75.0571868264,15.5587338368
580112,75.1674451412,15.5616117087
581206,75.0026059259,15.5938083415
582102,75.660761736,15.5299238117
582111,75.7421466717,15.5904353838
583268,76.569677659,15.4850636783
591106,74.6865306982,15.5188857009
580011,74.8813908396,15.5244226674
580009,75.0803223678,15.4451107443
591301,74.5677429994,15.4548754073
583221,76.515918143,15.3298526697
580006,75.072277285,15.487553548
581453,74.3592462139,15.4205076829
580008,74.9921803655,15.4593212554
583227,76.5029874203,15.4083772329
583235,76.4467157586,15.4648668925
583120,76.8927613126,15.4282901459
580004,75.0177200434,15.4477769065
581103,74.7835753694,15.4363334032
580007,74.8978136344,15.4421996214
580023,75.2478002995,15.378484437
582205,75.5249187565,15.4099944927
582115,75.7784151125,15.4102943727
583132,76.6166820511,15.3915675739
583228,76.2702571512,15.3310715551
581209,75.3110410113,15.4343249478
580001,75.0086563662,15.4581383034
584121,75.6336933187,15.4289263154
582103,75.6460757519,15.3512857289
580003,74.9801935671,15.4403956884
580002,75.0357153503,15.4202331863
583238,76.0770049079,15.3199050417
583113,76.7456497104,15.3773993101
584119,75.6268698455,15.4231553325
583276,76.4689125213,15.2931275146
580025,75.0891251282,15.4019139037
583152,76.7629207276,15.2035618567
580118,74.9168810369,15.3589154183
580114,75.0089807727,15.3191380132
581129,74.5254963524,15.3520840048
573126,76.3592700434,13.407903568
581356,74.7027112222,15.3592627496
583116,76.8791974536,15.3139138838
582113,75.8155971717,15.2823894463
583234,76.3344776053,15.3358601071
580032,75.1357665293,15.3787194697
583117,77.0664329955,15.2815624472
580031,75.1158047542,15.3716998848
583129,76.6770837063,15.2926465213
580030,75.0959225509,15.3598109063
580020,75.158069931,15.3504869405
580021,75.1269433498,15.3579096812
580029,75.134524376,15.3460889954
580026,75.0540329928,15.3475622147
583231,76.1421810314,15.3283262963
581332,74.4366641698,14.4004317635
581329,74.8092067126,15.2612222462
582117,75.4973367834,15.2713915351
581121,74.3704037861,15.231671508
583239,76.4459375683,15.3262315574
580028,75.1635195148,15.2836292914
583201,76.3895669249,15.2694960661
581325,74.6440296372,15.2434390041
583215,76.5439068652,15.2866346068
581207,75.1732409143,15.1802236536
581113,75.2622027948,15.2165057117
581365,74.5200004406,15.231767646
581117,75.3624524021,15.2175350639
583223,76.5276945435,15.2366107695
582120,75.6394003665,15.2073200425
583115,76.7678157142,15.1315580885
581204,74.9475689734,15.1617229673
583123,76.6225317904,15.1894019397
583212,76.2226624217,15.0897102538
581196,75.062092402,15.2419200644
582118,75.8260311636,15.1211550798
583111,77.0972220138,15.1264053419
583119,76.566942479,15.0865192719
581186,74.4900159023,15.1292560407
583138,77.0866962896,15.1857415411
577521,76.2895666525,14.3727069217
583222,76.3761494206,15.1082890393
581212,75.074767774,15.1540222854
583224,76.1344952795,15.163823355
582116,75.5097296945,15.1199419721
583124,76.4543431436,15.0372091226
581338,74.4902548999,14.3734419425
581363,74.6775454669,15.1368316997
583275,76.6416346423,15.1768956754
581307,74.1218800125,14.7834597282
583104,76.8891307981,15.1629038344
581107,75.3811800029,15.1093509852
583211,76.3163858121,14.717784299
581412,74.824781835,15.0486180899
581211,75.7230653034,14.6831708501
581126,75.307506491,15.0613807743
581205,75.2152655971,15.0280794786
583101,76.9218205803,15.1165751136
583214,76.023388377,15.0962510704
581411,74.9554249685,15.0319296213
582112,75.6690131513,15.0437155089
583102,76.980637915,15.0711566215
581384,74.6551804542,14.2375413911
581193,75.1285537365,15.0173050275
581187,74.4354377207,15.0123013188
583219,75.9428755412,14.9905564952
581450,74.7699591761,14.5578091539
581359,74.7065506457,14.9726798178
582210,75.4649318879,15.0626925597
583220,76.1106199275,14.9634524681
581361,74.5129439383,14.2782469553
581349,74.9930236391,14.9638149689
583118,76.5931593932,15.0631512464
581118,75.4141915074,14.9685252839
581317,74.2724490041,14.9482779244
577520,76.2619597652,14.2124536888
577540,76.7696753694,14.9193735701
581337,74.5781183694,14.8804203502
583128,76.5447771296,14.9154346309
583216,75.8028808941,14.9261295836
583112,76.6381344364,14.9569482904
581108,75.6453014416,14.8802201998
581112,75.4355359531,14.8731418484
583135,76.3817905668,14.8733774874
581345,74.120599765,14.8835893562
581213,75.5537159173,14.8944254432
581352,74.1629288498,14.8828135164
581104,75.1194273216,14.7513996869
581347,74.8405790457,14.8432525758
581396,74.4334278138,14.9022811542
581202,75.2595736308,14.9091726197
581203,75.1318307252,14.88368042
583134,76.2240802292,14.841594782
583217,75.7502785159,14.8104162096
583131,75.9543886024,14.8327116839
581360,74.1445216455,14.9049540695
581328,74.2080412913,14.8758995712
581400,74.3636115422,14.8619545364
581346,75.003895,14.8170805845
581339,74.2554567749,14.8319397085
583130,76.6079498018,14.8141921504
581316,74.3239136941,14.782739235
581101,75.2304418843,14.8063718114
581304,74.1538077671,14.8298713242
581110,75.4026491899,14.775906003
581148,75.2775807339,14.7553001244
581128,75.4746363141,14.8136484554
583127,76.1146906984,14.7887206178
581301,74.1409896877,14.8170356474
577535,76.7198585341,14.7395454559
581305,74.166927391,14.8534124382
581303,74.1282201327,14.8240967944
581336,74.7009670283,14.7543352705
581306,74.1915150923,14.8165466715
581321,74.3761409404,14.756916226
577231,75.8434294925,14.2144206445
581358,74.9536753868,14.6868601676
581324,74.2253530916,14.7684632504
583213,75.8241300458,14.7432766174
581308,74.174929431,14.7783930612
581115,75.6519097072,14.6764810946
583136,76.3217213614,14.7366190258
581302,74.1038987729,14.7998558935
581314,74.4655810339,14.7142365313
583126,76.5146259965,14.7084573146
577114,75.3304313762,13.3157131493
581106,75.4644000021,14.6682953989
581326,74.3291456426,14.5386936812
581102,75.1741229524,14.7029740713
577529,76.7069528155,14.5749228921
583137,75.8884010505,14.6661579873
581402,74.8239566412,14.6537363304
583125,76.0326541956,14.6220175258
577513,76.1755872604,14.6205495179
581440,74.4644760313,14.4970378296
581403,74.6694381396,14.6399491833
581353,74.3075362805,14.6234448413
581357,74.3775402684,14.6243353108
577429,75.019387273,14.4249145069
581120,75.2678835597,14.6303160776
577528,76.3701234842,14.5664554041
581344,74.4817993717,14.6259298623
581333,74.4423842147,14.555645469
583218,76.4901781167,14.6250250912
577543,76.6804828458,14.4447256678
581109,75.3926949366,14.5572848079
577419,75.0723213973,14.5593958571
581315,74.6367301514,14.5441646967
577413,75.1819993953,14.5632948856
581340,74.8472943319,14.4977876448
581401,74.8353496585,14.6193902101
577601,75.8072355184,14.4920169758
577566,75.8528711417,14.4790221966
581318,74.9681511407,14.5527894349
560100,77.6613870949,12.838045214
581208,75.5745982685,14.5269878458
577536,76.5546544686,14.4732760127
575009,74.8660403628,12.849049981
581362,74.5369617763,14.487347009
581145,75.7202178638,14.5780950523
581319,74.3254995157,14.5838507479
577553,76.2495205094,14.490594592
577589,75.8925064771,14.5363365324
581123,75.7496036946,14.5331925481
581330,74.3920144289,14.4864709759
581116,75.5155402694,14.4184038629
581111,75.4028594207,14.4660197967
577005,75.9318869777,14.4444100731
577537,76.8130676785,14.4357576766
581343,74.4102318416,14.4217043262
577512,76.0702179766,14.4699046291
581351,74.3773517426,14.4755545506
581331,74.7112990062,14.4556793803
577517,76.4494082762,14.3572623774
581119,75.6200055761,14.4107781011
577002,75.9176350333,14.4174329396
577433,75.1847591807,14.452246777
577450,75.2793888744,14.4507814301
577001,75.9088672187,14.4815215419
577516,75.7113912062,14.436923689
577003,75.9386968122,14.4718783123
577004,75.9049610271,14.4365928266
577422,75.2764028336,13.8219393884
577428,75.3058236941,14.3856738497
577519,76.2015984137,14.398918605
581355,74.8724017731,14.3337569041
577556,76.0737498853,14.3896627572
581323,74.5753159343,14.4018615961
577522,76.7059037393,14.2751387999
577502,76.3552195801,14.312832385
577514,75.9704888562,14.2978201737
581210,75.4868542198,14.349953986
577530,75.7243396877,14.3568373104
581322,74.7399333403,14.3220038361
581327,74.4206063393,14.3497360445
581334,74.5428305577,14.3116198288
574325,75.2029464873,12.8223720678
577525,75.8821984144,14.3329417425
577447,75.2413752817,14.3128399337
577534,76.0615384406,14.301279243
577541,76.2089615187,14.2943766433
577427,75.412195903,14.2768990319
581341,74.4399914416,14.3131171831
577401,74.8968110376,14.0724599395
577430,74.9324373714,14.2263400291
577434,75.0965805176,14.2911005152
577219,75.8055031928,14.2830592448
577538,76.8677704093,14.2392523452
572141,77.1924904073,14.2633956065
577217,75.6451799549,14.2560522873
572136,77.373432849,14.216891384
577524,76.4725118376,14.2182044691
581335,74.4732540305,14.2651045707
577145,75.9652059363,13.7970373696
577431,75.1686188982,14.1983385416
577544,75.9067761217,14.2137793923
577223,75.5551447345,14.1776146205
581342,74.4492246991,14.2461661353
577220,75.4550065405,13.7726170738
577518,76.1381888209,14.2072101744
577532,76.5542242362,14.1644028843
577214,75.3478110226,14.1760291487
577523,76.1194296596,14.1311009455
577552,76.0068068787,14.1722660784
581423,74.5473125193,14.2050148874
577224,75.7286820157,14.1621827302
561202,77.2463703364,14.0946136697
581348,74.5195378384,14.1730486484
577555,76.3542617384,14.1442880238
577551,75.7920097238,14.1913519472
577501,76.3880410202,14.1903288791
577230,75.6764941444,14.1153893829
577218,75.8843415959,14.1435947902
577412,75.1772962472,14.0645216434
577545,76.6525757053,14.0691251493
572116,77.1207614125,14.0873430338
577225,75.5405876631,14.0741754512
581350,74.5119671816,14.1222440182
577221,75.8752520533,14.0726263138
577557,76.3463850072,14.0446156147
577558,76.5244347542,14.0493954181
577546,76.8158298143,14.062322482
577205,75.5517533129,13.9264676207
581421,74.5669851551,14.0909235172
577243,75.7617088755,14.0398009284
581320,74.6052309636,14.0033637663
577417,75.0409931613,14.0669507124
577423,75.3963285942,14.0639850104
577526,76.2066257999,14.0158074875
577215,76.0147227547,14.0086650704
577531,76.0918107835,14.0444116713
577453,75.0108078009,14.0744914558
572113,76.9462005523,13.9666069974
577527,76.346004966,13.878149745
577549,76.0420167386,13.842206742
577216,75.6607084924,14.0131500885
577213,75.9202254277,13.9294533338
577426,75.3045704146,13.9561136933
577416,75.5046861905,14.0006523621
581354,74.5311273021,14.0208762116
577211,75.4242694643,13.9369451632
572144,76.4920227281,13.9608444346
576107,74.8386423912,13.3298823131
577599,76.5670593605,13.961955005
577539,76.1130255752,13.9388610528
577425,75.0047721446,13.8369144731
577227,75.7196890573,13.9523920605
577233,75.7945822696,13.9037108852
577598,76.7080692033,13.9472408981
577418,75.0991419693,13.890039592
577452,74.9379924614,13.9021188224
576214,74.6866779072,13.8768126823
577204,75.5148123172,13.9407968123
577436,75.219506138,13.8902130413
572135,76.8941182788,13.903082051
561207,77.8669169708,13.7941341212
577201,75.57974846,13.9415423924
577511,76.6763754746,13.8286583627
577207,75.5523204015,13.9347277598
577411,75.0864102407,13.9166085131
576228,74.6010320666,13.9064402945
577222,75.6130599231,13.8849252496
577202,75.5124968578,13.8555111457
577203,75.5646360246,13.8438599315
560023,77.5595793516,12.9746340931
572139,76.8097019262,13.8369732652
572143,76.5635006512,13.8098081792
572133,77.1987255108,13.8449096748
576220,74.7851495079,13.8751828028
577554,76.1587983871,13.8579099286
577229,75.657815678,13.8539302376
563124,78.0489481105,13.7557611568
577301,75.7355850503,13.8315749273
575019,74.8170807611,12.9667422207
572124,77.2788386349,13.7931407337
577226,75.3726650803,13.7831990842
577533,76.450719404,13.7285403168
576233,74.8174481533,13.7742120121
576232,74.6421174086,13.8288565197
577515,76.2016132458,13.7731407031
572127,77.393069355,13.7502642789
560053,77.5753476166,12.9696013368
571448,76.722508604,12.9673666097
572137,76.8904822234,13.7224267781
561212,77.9766761842,13.7642057036
577414,75.1854350097,13.7547072501
576219,74.6858568367,13.7919921478
577550,76.0700137569,13.7282538127
577245,75.766972673,13.7938658205
572115,76.7262019861,13.679273525
577115,75.5951418972,13.7492535715
577232,75.3120532658,13.7161782923
576229,74.8986132015,13.6988075019
577228,75.8416533289,13.7205582275
577302,75.6595960979,13.7814703413
572132,77.1917534576,13.6774221653
577547,75.9772570234,13.7270569382
576224,74.651090731,13.7414864247
561228,77.6245188721,13.7191983085
563120,78.2153084291,12.9360010487
572112,77.0689171775,13.662115001
577144,75.7181371054,13.6966759147
561209,77.7485218396,13.6798466689
577134,75.5309581333,13.6271761161
576247,74.666358618,13.6801214395
576235,74.6830849328,13.7155691633
572175,77.3071678727,13.6731494765
577180,76.1577241232,13.7029511571
577448,75.0818998965,13.6686751555
572218,76.5853231059,13.6262573511
576230,74.7147716336,13.6719750039
577597,76.2953823095,13.6610242729
576282,74.9637750374,13.6921409887
577432,75.1945776665,13.6119269558
561208,77.5163679144,13.6396341585
577542,76.4105830151,13.634537848
576227,74.9543752742,13.6178704386
577127,75.4487453589,13.5649180244
573114,76.3432467944,13.6529529977
577140,76.1371551063,13.6230200008
576283,74.7886237573,13.6747978532
577128,75.6562274629,13.6828151649
577415,75.3221700984,13.6334822933
561206,77.6063371412,13.6101573453
573132,76.2382855423,13.5919245539
561210,77.4254024562,13.6040285399
576211,74.7934952504,13.6344315855
576201,74.6924847349,13.6278748066
577129,75.7403427366,13.5917526359
560010,77.554020987,12.9978265687
577116,75.9557212698,13.6115291453
563125,78.0478506461,13.4800767823
576216,74.6707446357,13.6522148409
560080,77.5801082436,13.0100718562
572125,76.9347325994,13.6008654679
563161,78.2431610218,13.5285785069
563123,78.1523348972,13.5660301762
562105,77.9030490049,13.5114217162
560006,77.5891498618,13.0036050066
560091,77.4779294074,12.9782191617
562104,77.7391556249,13.5782547734
560046,77.6005092639,13.0018630571
577424,75.1074944569,13.5535888369
560071,77.6352012909,12.962498356
577182,76.281941597,13.5809853825
576257,74.7008529123,13.574193688
563159,78.0190918721,13.5646759147
576217,74.7294471087,13.600202192
577126,75.3258737471,13.5261553153
576222,74.837190722,13.57729293
572129,77.2522372159,13.4678535683
572138,77.095803129,13.5209733045
577548,75.9948238658,13.5238977352
560059,77.5610408657,12.9400681221
572121,77.3314347304,13.5352296067
577125,75.2328011444,13.5803062949
560050,77.5497235527,12.9339908641
576212,74.9678666963,13.535970882
577451,75.8283447457,13.5833065597
560034,77.6295662965,12.9287614612
572119,76.45459785,13.5044995529
572101,77.1021985492,13.3283801596
563134,78.3387045228,13.5142710894
572223,76.8302402231,13.3330118175
572117,76.884972362,13.4761240476
576231,74.7423348472,13.558599261
572228,76.6293956703,13.5044861014
576106,74.7227679685,13.3650629063
562110,77.6599287016,13.2690880323
572222,76.7825216305,13.4698950669
560005,77.62042339,12.9987508961
561213,77.4749778655,13.5157863931
576221,74.7214793555,13.5299366742
577138,76.1662619137,13.5096727326
576223,74.8345450696,13.5122186017
577120,75.2593997405,13.5085730934
573117,76.3746548844,13.4876822906
562101,77.7171546187,13.4621773095
576210,74.7776925154,13.5038523754
561211,77.5818494577,13.4889172055
573144,76.2920383876,13.4749546459
577131,75.7314916936,13.4566276671
576225,74.7244545528,13.5015696692
577123,75.3773002504,13.4475455482
576218,74.6978055586,13.4615977579
577130,75.6186992263,13.432330083
577175,76.0847889764,13.4282035324
572128,77.0149822016,13.480375631
576226,74.7141180893,13.4584208341
560018,77.5588066558,12.9608165291
576234,74.8870635735,13.4663953699
563122,78.2684861684,12.9363962317
576112,75.0486947849,13.4372446801
577168,75.8894860712,13.3903555863
577139,75.2091557454,13.3712965721
577137,75.7904927128,13.4816244213
560033,77.6347360572,13.0002056346
563146,78.1199873789,13.4370316656
574102,74.9275782323,13.2801067322
561204,77.4012771731,13.3071171716
563135,78.2189816494,13.403194466
576213,74.7643899299,13.4326615279
577112,75.4551194599,13.3724080953
561203,77.4886316383,13.3296423581
573112,76.1653843366,13.398536725
577135,75.983922394,13.4071088069
577136,75.5451138652,13.3365528067
572106,77.1464910987,13.4183266293
572226,76.5595164905,13.3978214698
572107,77.0250047028,13.3741115329
562103,77.7293565734,13.3948442825
561205,77.5614169747,13.3812189554
572214,76.6628096966,13.3869896942
576215,74.8455520394,13.4189634066
572216,76.9469001111,13.3049010478
576114,74.7064653546,13.4064451353
573103,76.2758804652,13.3275841546
560021,77.5617801616,12.9936942274
577102,75.8259005322,13.3609590417
576124,74.8866839097,13.3873466491
572217,76.3948725063,13.3393641057
577117,75.4249439563,13.393137542
572202,76.4674034724,13.283354287
574142,74.8953717305,12.9794682405
563138,78.3004737724,13.3233554528
560052,77.5923553425,12.9900612589
572140,77.2157518491,13.340490902
576105,74.754774447,13.3897347265
574108,75.0006445245,13.3459004946
572211,76.7364263847,13.3449929425
563128,77.9973913308,13.3284551708
577146,75.9774384316,13.2989322382
562102,77.8648665858,13.3177537764
572104,77.1565929002,13.301389528
562135,77.7754219069,13.3016806433
576101,74.765997165,13.3463699883
576115,74.7076203441,13.37772622
577101,75.7613456891,13.3053924272
576113,74.9046841036,13.3293223832
574101,75.062591836,13.3062580447
573125,76.0877411259,13.2797331475
577118,75.3918305115,13.3468993796
572114,76.607951543,13.2906831802
576103,74.7192818957,13.323640595
563126,78.1841556206,13.2615369234
562132,77.3260551691,13.2430843489
560042,77.6143096938,12.9837127522
563131,78.3857325114,13.2052034575
560051,77.6040192675,12.9854398674
574166,74.9363793305,12.9763945511
563132,78.5033874189,13.2304530379
573122,76.1801360145,13.2311214058
573164,76.330144407,13.125127649
574118,74.7600753192,13.2978593171
577179,75.4038838009,13.2789351955
572225,76.7937841619,13.2749946836
572118,77.0546875043,13.2578089578
563101,78.1120387638,13.1675605731
574213,75.0197495449,13.1059574829
562111,77.2551414551,13.2132073863
576120,74.8060943176,13.2728568527
577111,75.6486128913,13.2315157851
572215,76.7383099512,13.2282258632
577181,75.3298737741,13.2672976265
560063,77.6122625054,13.1245892974
576117,74.9986725783,13.24718063
572219,76.872013387,13.2327105098
577133,75.7465054095,13.2413902153
574105,74.7391520135,13.2612691082
577124,75.2936717117,13.2146060823
572201,76.4696533448,13.2609887236
572212,76.6319880877,13.2241501972
574122,75.1174603372,13.2265720424
562122,77.8857186141,13.1842745811
573121,75.9772803161,13.214297725
562129,77.7622884019,13.1932746778
576122,74.7712434296,13.2436516485
572122,77.1190299329,13.1961243832
573115,75.8134567542,13.1616814243
574116,74.8451399401,13.2169976918
572213,76.9216214816,13.1386199788
577113,75.5655183151,13.130522125
577121,75.4306375613,13.1922740731
573119,76.3193024201,13.1903799787
574117,74.7839691073,13.1950819091
574106,74.7685815018,13.2211388411
572220,76.8368664711,13.1683737904
563127,78.3097188883,13.1493390343
577142,75.2338415455,13.1968139494
574104,75.012331444,13.2111336711
574115,74.7988170794,13.2307226777
574110,74.9417684526,13.1811156363
574113,74.8278009533,13.1702192244
572120,77.0201555286,13.1394093651
576111,74.8931912652,13.1670363999
560089,77.5071449483,13.164419988
560300,77.714227832,13.2129125436
560064,77.56322165,13.1367944047
574107,75.1108365917,13.1635624827
574114,75.0355795523,13.1490274046
572224,76.5456128844,13.1375585598
574119,74.7666068996,13.1711909593
562157,77.6519830445,13.1642979826
572227,76.6593495475,13.1105706463
562123,77.3554562673,13.1017349123
561101,77.1705160854,13.1373185625
577122,75.4760709672,13.1344400679
573219,76.1078638362,13.0966058238
573162,76.2402997149,13.1443357926
573216,75.9783381505,13.1235824749
563133,77.9988662531,13.12369325
574109,75.1839141668,13.1171208658
577132,75.6466114155,13.057668906
574214,75.3213194616,13.0697966184
573131,76.4599721831,13.0482735579
560088,77.4419498365,13.1111956359
572221,76.7834417237,13.0857877157
562149,77.6388634545,13.124255882
562114,77.8317994267,13.0395604678
563136,78.4562026868,13.0927327594
574129,74.9619629357,13.1315964516
562127,77.2567943506,13.0674759882
574217,75.2301420964,13.0500415932
576121,74.8820806255,13.1189811127
562131,77.1198962049,13.0653232287
574154,74.8245342288,13.0941300216
573118,76.221158739,13.074721842
574141,74.8552421547,13.0726262752
573215,75.8855730866,13.0515955594
573111,76.3602306176,13.0426186692
560065,77.5725792133,13.0720285684
574236,75.1019421512,13.0791334344
574226,74.9593029887,13.0754019571
560077,77.6348691353,13.0837513247
560049,77.7158605988,13.0660086846
560090,77.5014055006,13.0891748808
563130,77.9607013276,13.0122949472
574227,74.9452037116,13.0505007536
574228,75.4347804616,13.0358779116
574103,74.7837469879,13.0903777178
573101,75.7953829193,13.0288742393
574180,74.7856524288,13.0464537651
560092,77.6119964042,13.0806940875
560002,77.57783875,12.9617850257
573141,76.5408693478,13.0527982349
573213,75.9815494619,12.9862375895
560097,77.5585511617,13.0877463226
560057,77.5181980247,13.0508918366
572130,77.0013988519,12.9898069021
574242,75.1531042378,13.0221983843
574197,75.031096469,13.0536132897
560014,77.5550731752,13.0743694721
572134,76.9111630844,13.0312902774
563116,78.3762448849,13.0199356062
563114,78.1537374998,12.9781373513
560013,77.5523555915,13.0572302546
560015,77.5091499032,13.0612368965
560032,77.6096467105,13.0385925707
563162,78.2279211887,13.0198128707
562130,77.3964381503,12.9774048398
572142,76.8652116654,12.991396286
560024,77.591387328,13.0464029364
573217,76.0361008101,13.0178769401
574146,74.8179629286,13.0387005894
574237,75.0660259495,13.0056101087
560031,77.5425293066,13.0512335925
574148,74.8663343187,13.0481399619
560043,77.6623294919,13.0339365944
571418,76.7423630863,12.9576520416
560073,77.4949902206,13.0301526416
574150,74.8812315011,13.0216432814
574240,75.3338604443,12.9654601266
563117,78.1592317121,13.0226122362
573220,76.234190521,12.9557148339
560058,77.5245828818,13.0304725809
560094,77.5741331761,13.0301191922
574216,75.4130905143,12.9654323593
560054,77.5537027306,13.031882571
572126,77.0961488122,12.9477712577
571811,76.7552718716,13.0129628836
562120,77.2022739128,12.9431983338
563137,78.063469337,12.9583619867
574225,74.9498583906,13.0180141978
575030,74.829171244,13.0020753218
560084,77.6348084711,13.0176604336
560012,77.5684224036,13.0194305109
573165,75.6589790781,12.9496944069
560022,77.5424328446,13.0227399306
574267,74.9765308183,13.0042646988
575010,74.8091000257,12.9424852758
575014,74.8040551646,13.0078494752
560045,77.6114673448,13.0127811752
560067,77.7469478162,13.002077451
560055,77.5647745281,13.0062407508
574144,74.9638694104,12.980503149
563121,78.3620378953,12.9614060792
560036,77.7034175626,13.0126980782
573124,76.572611015,12.9598198471
560096,77.5381235455,13.0159962363
560016,77.6775849998,13.0039583029
573201,76.1058991865,12.9986756004
560086,77.5249621455,13.0047734301
574509,74.8586171507,12.9829110017
560003,77.5755471603,13.0012200304
560039,77.5279629394,12.9332986439
573116,76.4085828958,12.907553962
560038,77.6458946021,12.9878645172
560048,77.7080232491,12.9853853496
560020,77.5763381781,12.9914734067
560079,77.5308873291,12.987075934
574224,75.2288167465,12.942533846
560001,77.5919225364,12.9769439241
563160,77.9000967808,12.9267909074
560044,77.5488404916,12.9797951284
574324,75.107835054,12.9602474286
560093,77.6789224514,12.9817013146
573218,75.956150734,12.9287678434
560072,77.5103678645,12.9714364223
560066,77.7512197365,12.9604722074
560008,77.6369487834,12.9656700811
573134,75.7450760407,12.8827097885
560060,77.4734988042,12.8820263333
573214,75.8729429797,12.9285727841
560009,77.5681005381,12.9766106944
560075,77.6550963388,12.9696558839
561201,77.2791630033,12.9078496071
560027,77.5935966632,12.9545858512
560040,77.5375621618,12.9670553796
573225,76.3169367835,12.9554343155
572111,76.9386311764,12.8854758134
574189,74.9073251001,12.9592688131
560017,77.6708164417,12.9588316117
575011,74.8288524998,12.9512509684
573212,76.1583600518,12.912310378
574211,75.0557629981,12.9030197319
560056,77.5259686307,12.956495444
560047,77.620319303,12.9528313677
560037,77.6951663582,12.9506057574
574219,74.9857978931,12.9191964534
560026,77.5454769511,12.9519952547
560007,77.6302353538,12.9535760501
560030,77.6103835773,12.948645222
560025,77.6042139145,12.9625368274
560085,77.5424360453,12.9396307577
574198,75.4599854374,12.9018494552
560019,77.5596644307,12.9468293123
573128,76.0305415459,12.8694985202
563113,78.3158459938,12.9086432111
574151,74.9239143121,12.9434979069
560087,77.5010008285,12.9423800464
560004,77.5719767076,12.9483790239
560011,77.590647236,12.9369701151
560035,77.6829988524,12.9231425978
575028,74.8851745723,12.9316916723
571802,76.6442250621,12.8752664435
575015,74.8544737455,12.9278880447
574265,75.131100109,12.9054500701
560095,77.6173599273,12.9365636531
562125,77.7767089648,12.8869649965
575013,74.8321323454,12.9203878374
560069,77.5780360723,12.9271074947
563119,78.2999329389,12.9284432494
560028,77.5544691184,12.9240520162
575029,74.8990802536,12.9006547307
575001,74.830422134,12.875957958
560029,77.607310012,12.9285582025
560098,77.5213533875,12.9156191364
560081,77.6062242569,12.9206819323
560041,77.5914339388,12.9222011391
560068,77.6249652801,12.8851670792
573127,75.6878628932,12.8908779503
560070,77.5557291723,12.9074425912
575006,74.8407713446,12.8999603345
560078,77.5843787382,12.907380354
574326,75.2484505365,12.8787795272
560076,77.5988052423,12.901482711
571432,76.7236440416,12.8055686443
562107,77.7338283346,12.8243802961
574153,74.9694572479,12.8115487006
560103,77.7089928099,12.8911013561
575004,74.8448422402,12.8914470655
560074,77.4466487644,12.8898014734
573129,75.9034531334,12.8556667015
560061,77.5512655034,12.8941900203
575003,74.8367310398,12.8753369562
563129,78.1878966841,12.8329221302
573120,76.1036790669,12.8348989168
563139,78.0137190205,12.8598373964
574169,74.9765629825,12.8703227886
573135,76.4976561339,12.8509654729
574143,74.9609436013,12.8832286315
571445,76.8504954347,12.8109322877
574231,75.0181479934,12.8477089067
560062,77.5667783577,12.8697225437
574199,74.931746631,12.8274497367
562106,77.6521890378,12.7545701082
575007,74.9100884207,12.8757683613
574229,75.47872045,12.8343037341
575002,74.8654692655,12.8698034179
572123,77.0732433751,12.8166514438
575017,74.8928155897,12.8341107613
562128,77.320999703,12.7731390885
575020,74.8552788979,12.8237398824
574241,75.2982835494,12.8157931269
575027,74.8865546442,12.8542089717
562109,77.4105855956,12.7789221307
573211,76.2590623399,12.7715152658
574253,75.1157591473,12.8343632707
571423,76.4199813841,12.7594861307
573123,75.7234144558,12.7664909149
574222,75.0771267242,12.7986903889
571436,76.5495946638,12.778010158
571511,77.2650957038,12.7182728221
574301,75.0010571777,12.8122364261
574323,75.036970603,12.7858912645
560099,77.6804596321,12.8052559557
571231,75.9115366278,12.7927256804
560083,77.5871629774,12.8273792886
574160,74.8996582803,12.8130901974
560082,77.5073809338,12.7823940084
574221,75.4510125272,12.7542803407
575022,74.8812364842,12.7888299476
573137,75.8326453953,12.7443939577
574220,75.1576180545,12.7914163259
574230,75.5424864681,12.7628525544
573102,76.0693043263,12.7597474025
575023,74.8780789471,12.778204315
571425,76.9447782318,12.7394900067
562108,77.1468983864,12.7273546823
562112,77.5007704652,12.680062889
560105,77.6412844841,12.7782722326
574285,75.3816517166,12.7541291168
574202,75.291303756,12.7409392915
574243,75.1438582283,12.7319581248
575018,74.9270960552,12.7795037859
574201,75.2016195552,12.7563869012
571429,77.0378684253,12.7050847306
571235,75.9101883806,12.6967712884
574279,75.034738068,12.7351343612
574238,75.600038931,12.6956709945
574260,75.0652072352,12.6881106945
574328,75.3989539736,12.70789349
574235,75.1061307396,12.7178695507
571416,76.8066689059,12.6817829832
571446,76.8968017825,12.6697539074
571431,76.6729185599,12.6912574437
571603,76.3312587253,12.5448526066
573142,76.0723229524,12.6942846691
574210,75.278792703,12.6904123443
571401,76.8941519972,12.5313201221
571426,76.522297904,12.6460046925
573210,76.2511684815,12.6634024427
571419,76.9956065823,12.6632858175
574212,75.3871668033,12.6640688413
571810,76.69018903,12.701505046
573133,76.0967704269,12.6319630926
574232,75.4867301439,12.6678300784
574259,75.1970359294,12.6647142609
571236,75.8000647084,12.629012966
571501,77.1848575966,12.6302273207
574223,75.2724722284,12.6340086448
571405,76.7943047844,12.5887443756
574239,75.3656338432,12.5613887656
571433,77.0869631974,12.6207820468
573136,76.1688732749,12.6084762766
571605,76.4138686268,12.6064910577
573113,76.1143487463,12.6124476084
573130,76.0043921961,12.6289471916
571608,76.3425729865,12.5982394642
562117,77.4003026598,12.5097536978
574218,75.5709588537,12.588697737
571434,76.7017170938,12.5640031669
562121,77.5357025861,12.5473688822
571428,77.0307373313,12.5758700593
571601,76.383321483,12.5563232196
574234,75.5501828742,12.4824307052
571604,76.2506772411,12.5799804883
571417,77.1175726171,12.2701223326
571251,75.7464198817,12.5586963959
571450,76.9464648201,12.610463507
574313,75.2482798725,12.5997361859
562138,77.21815,12.5430801323
573150,76.0988207759,12.5643296017
571232,75.9343823136,12.5315465325
571455,76.6128243555,12.5502473438
571404,76.9600866602,12.5524275171
571402,76.8584973256,12.5129842503
574327,75.3983763978,12.5633582112
574248,75.4610310127,12.5623730044
571812,76.5260337425,12.5035265181
571211,75.8506961279,12.2464266879
571617,76.2260397732,12.502030977
571187,76.0344318952,12.5196468658
571422,77.0476286048,12.4968512591
574314,75.48884143,12.5133519885
571201,75.6716890842,12.4345590556
571403,76.9078183341,12.4979126167
571234,75.8992065423,12.420714432
571602,76.3753865443,12.4628396922
562126,77.3270948561,12.4183666937
571247,75.4767738901,12.4027204562
571102,76.0857192079,12.4609568644
571435,76.6558357878,12.4822242059
571108,76.1783185772,12.4199679557
562119,77.5174107678,12.3740613555
571421,77.2432562177,12.3944581017
571427,76.6214534535,12.452696327
571130,76.5236419606,12.3897544609
571807,76.746637457,12.4470932316
571237,75.8344938288,12.4417068475
571415,76.7994678636,12.3961181827
571252,75.7641060998,12.3256041692
571430,77.0980300984,12.3878322523
571424,76.9620458237,12.3918473281
571104,75.9749628278,12.4026543161
571101,76.8718392298,12.3532095323
570018,76.581071114,12.3347528331
570010,76.7529314131,12.2784327355
571610,76.3654385032,12.3951582492
571606,76.6179353999,12.3985875518
571134,76.2587014808,12.3731360979
571103,76.4465648823,12.3405031309
571438,76.6958697637,12.3871225035
571248,75.8184630026,12.3834229647
571107,76.0768049806,12.3144898625
571105,76.2439604718,12.2631272106
570003,76.6581015094,12.3677844635
571253,75.9036868416,12.3148958145
570017,76.6063332385,12.346460728
571463,77.0301549205,12.2940230426
571214,75.5930664298,12.2800439247
571120,76.9369951235,12.2908657481
570016,76.6212883668,12.3456018261
571437,77.1727862832,12.3293017759
570002,76.6382871186,12.3225624146
570015,76.6479083978,12.3406565753
571215,75.9552137571,12.2776926896
570007,76.6738869361,12.3362482234
570020,76.627595276,12.3333983927
570019,76.6875821403,12.3168557864
570006,76.6114470413,12.313673177
570021,76.6528462556,12.3236552497
570026,76.5075929457,12.2608174231
570012,76.6232283169,12.3217051301
570001,76.6527894651,12.3125758934
570009,76.6213058972,12.2988894933
570005,76.6394346853,12.3083159088
571122,77.0605489203,12.1955573877
571440,77.2072023915,12.1604116409
570024,76.6552043242,12.29665269
570011,76.6873568226,12.2963307066
570004,76.6479569228,12.2924129774
571443,77.2750071343,12.1297456309
571110,76.8851494067,12.2532193737
571189,76.3650697552,12.2176106954
570014,76.6344290694,12.2909724979
570023,76.6113878788,12.2810407478
570008,76.5460682644,12.2021268275
571212,75.6588902977,12.2074298443
571439,77.3719260334,12.1417628198
571213,75.9590340284,12.2066829915
571218,75.7809875768,12.1559236135
571442,77.0382238761,12.1250404226
571311,76.6610523776,12.211354504
571219,76.0522303179,12.1724564732
571124,76.9353356298,12.1783979795
571254,75.9916407486,12.2069818821
571129,76.7887292649,12.1633946805
571302,76.6695563917,12.1387799708
571114,76.2330132986,12.0351592366
571444,77.4689989927,11.998009357
571125,76.3990019148,12.1267123031
571316,76.9190997335,12.0865729556
571312,76.7363370264,12.032637397
571216,76.0374215379,12.1067817128
571314,76.5047849482,12.0878431778
571118,76.6366005476,12.0427985565
571119,76.8235867264,12.0650121784
571301,76.6859547588,12.1192805381
571441,77.1048189363,12.0055884634
571249,75.897005411,12.0232775492
571315,76.5205406259,11.966579324
571115,76.9699235261,12.0037704059
571217,76.056562415,12.0112449127
571121,76.3821145204,11.8897332579
571490,77.5941871489,12.0342634885
571116,76.26695704,11.9188018109
571491,77.4972703198,12.0014392981
571128,76.8070936866,11.9351570794
571313,76.8882534056,11.9264479101
571109,76.6718417351,11.9331765168
571117,77.0545226332,11.9594406547
571250,76.0238868121,11.9603949399
571342,77.007633365,11.9107181607
571127,77.0165279635,11.8184721392
571111,76.5948079343,11.7720970574
571123,76.786720689,11.7942518107
571457,77.281262452,11.8548320651
571126,76.6754340186,11.6676667095
574112,74.8112339707,13.1148626147
574111,74.8056903633,13.1374835128
577421,74.7357073138,14.0999424973
